INSERT INTO posts (id, created_date, views_count, is_active, keywords, created_at, updated_at)
VALUES (1, '2022.04.16', 1, 1, 'news', null, null);
INSERT INTO posts (id, created_date, views_count, is_active, keywords, created_at, updated_at)
VALUES (2, '2022.04.17', 1, 1, null, null, null);
INSERT INTO posts (id, created_date, views_count, is_active, keywords, created_at, updated_at)
VALUES (3, '2022.04.18', 1, 1, null, null, null);
INSERT INTO posts (id, created_date, views_count, is_active, keywords, created_at, updated_at)
VALUES (4, '2022.04.19', 1, 1, null, null, null);
INSERT INTO posts (id, created_date, views_count, is_active, keywords, created_at, updated_at)
VALUES (5, '2022.04.20', 1, 1, null, null, null);
INSERT INTO posts (id, created_date, views_count, is_active, keywords, created_at, updated_at)
VALUES (6, '2022.04.21', 1, 1, null, null, null);
INSERT INTO posts (id, created_date, views_count, is_active, keywords, created_at, updated_at)
VALUES (7, '2022.04.22', 1, 1, null, null, null);
INSERT INTO posts (id, created_date, views_count, is_active, keywords, created_at, updated_at)
VALUES (8, '2022.04.23', 1, 1, null, null, null);
INSERT INTO posts (id, created_date, views_count, is_active, keywords, created_at, updated_at)
VALUES (9, '2022.04.24', 1, 1, null, null, null);
INSERT INTO posts (id, created_date, views_count, is_active, keywords, created_at, updated_at)
VALUES (10, '2022.04.25', 1, 1, null, null, null);
INSERT INTO post_translations (id, object_id, language_code, title, sub_title, description, created_at, updated_at)
VALUES (1, 1, 'en', 'news 1', 'Sub News 1', 'Desc News 1', null, null);
INSERT INTO post_translations (id, object_id, language_code, title, sub_title, description, created_at, updated_at)
VALUES (2, 2, 'en', 'news 2', 'Sub News 2', 'Desc News 2', null, null);
INSERT INTO post_translations (id, object_id, language_code, title, sub_title, description, created_at, updated_at)
VALUES (3, 3, 'en', 'news 3', 'Sub News 3', 'Desc News 3', null, null);
INSERT INTO post_translations (id, object_id, language_code, title, sub_title, description, created_at, updated_at)
VALUES (4, 4, 'en', 'news 4', 'Sub News 4', 'Desc News 4', null, null);
INSERT INTO post_translations (id, object_id, language_code, title, sub_title, description, created_at, updated_at)
VALUES (5, 5, 'en', 'news 5', 'Sub News 5', 'Desc News 5', null, null);
INSERT INTO post_translations (id, object_id, language_code, title, sub_title, description, created_at, updated_at)
VALUES (6, 6, 'en', 'news 6', 'Sub News 6', 'Desc News 6', null, null);
INSERT INTO post_translations (id, object_id, language_code, title, sub_title, description, created_at, updated_at)
VALUES (7, 7, 'en', 'news 7', 'Sub News 7', 'Desc News 7', null, null);
INSERT INTO post_translations (id, object_id, language_code, title, sub_title, description, created_at, updated_at)
VALUES (8, 8, 'en', 'news 8', 'Sub News 8', 'Desc News 8', null, null);
INSERT INTO post_translations (id, object_id, language_code, title, sub_title, description, created_at, updated_at)
VALUES (9, 9, 'en', 'news 9', 'Sub News 9', 'Desc News 9', null, null);
INSERT INTO post_translations (id, object_id, language_code, title, sub_title, description, created_at, updated_at)
VALUES (10, 10, 'en', 'news 10', 'Sub News 10', 'Desc News 10', null, null);
INSERT INTO post_translations (id, object_id, language_code, title, sub_title, description, created_at, updated_at)
VALUES (11, 1, 'ru', 'News 1 Ru', 'Sub News 10 ru', 'Desc News 10 ru', null, null);
INSERT INTO post_translations (id, object_id, language_code, title, sub_title, description, created_at, updated_at)
VALUES (12, 1, 'uz', 'News 1 Eng', 'Sub News 10 eng', 'Desc News 10 eng', null, null);
INSERT INTO post_categories (id, post_id, category_id, created_at, updated_at)
VALUES (1, 1, 1, null, null);
INSERT INTO post_categories (id, post_id, category_id, created_at, updated_at)
VALUES (2, 2, 2, null, null);
INSERT INTO post_categories (id, post_id, category_id, created_at, updated_at)
VALUES (3, 3, 3, null, null);
INSERT INTO post_categories (id, post_id, category_id, created_at, updated_at)
VALUES (4, 4, 4, null, null);
INSERT INTO post_categories (id, post_id, category_id, created_at, updated_at)
VALUES (5, 5, 5, null, null);
INSERT INTO post_categories (id, post_id, category_id, created_at, updated_at)
VALUES (6, 6, 1, null, null);
INSERT INTO post_categories (id, post_id, category_id, created_at, updated_at)
VALUES (7, 7, 2, null, null);
INSERT INTO post_categories (id, post_id, category_id, created_at, updated_at)
VALUES (8, 8, 3, null, null);
INSERT INTO post_categories (id, post_id, category_id, created_at, updated_at)
VALUES (9, 9, 4, null, null);
INSERT INTO post_categories (id, post_id, category_id, created_at, updated_at)
VALUES (10, 10, 5, null, null);
